-- MySQL dump 10.13  Distrib 5.5.49, for debian-linux-gnu (x86_64)
--
-- Host: localhost    Database: IT640_Midterm_Project
-- ------------------------------------------------------
-- Server version	5.5.49-0ubuntu0.14.04.1

/*!40101 SET @OLD_CHARACTER_SET_CLIENT=@@CHARACTER_SET_CLIENT */;
/*!40101 SET @OLD_CHARACTER_SET_RESULTS=@@CHARACTER_SET_RESULTS */;
/*!40101 SET @OLD_COLLATION_CONNECTION=@@COLLATION_CONNECTION */;
/*!40101 SET NAMES utf8 */;
/*!40103 SET @OLD_TIME_ZONE=@@TIME_ZONE */;
/*!40103 SET TIME_ZONE='+00:00' */;
/*!40014 SET @OLD_UNIQUE_CHECKS=@@UNIQUE_CHECKS, UNIQUE_CHECKS=0 */;
/*!40014 SET @OLD_FOREIGN_KEY_CHECKS=@@FOREIGN_KEY_CHECKS, FOREIGN_KEY_CHECKS=0 */;
/*!40101 SET @OLD_SQL_MODE=@@SQL_MODE, SQL_MODE='NO_AUTO_VALUE_ON_ZERO' */;
/*!40111 SET @OLD_SQL_NOTES=@@SQL_NOTES, SQL_NOTES=0 */;

--
-- Table structure for table `Draft_Stats`
--

DROP TABLE IF EXISTS `Draft_Stats`;
/*!40101 SET @saved_cs_client     = @@character_set_client */;
/*!40101 SET character_set_client = utf8 */;
CREATE TABLE `Draft_Stats` (
  `Hero` varchar(18) NOT NULL DEFAULT '',
  `Name` varchar(18) DEFAULT NULL,
  `Pick %` decimal(3,1) DEFAULT NULL,
  `Ban %` decimal(3,1) DEFAULT NULL,
  `Pick or Ban %` decimal(3,1) DEFAULT NULL,
  `Times P.` int(2) DEFAULT NULL,
  `Times B.` int(2) DEFAULT NULL,
  `Times P. or B.` int(2) DEFAULT NULL,
  `Win % *` varchar(4) DEFAULT NULL,
  `Ban Win % **` varchar(4) DEFAULT NULL,
  PRIMARY KEY (`Hero`)
) ENGINE=InnoDB DEFAULT CHARSET=utf8;
/*!40101 SET character_set_client = @saved_cs_client */;

--
-- Dumping data for table `Draft_Stats`
--

LOCK TABLES `Draft_Stats` WRITE;
/*!40000 ALTER TABLE `Draft_Stats` DISABLE KEYS */;
INSERT INTO `Draft_Stats` VALUES ('abaddon','Abaddon',1.1,0.0,1.1,1,0,1,'1.00',''),('alchemist','Alchemist',1.1,0.0,1.1,1,0,1,'0.00',''),('ancient_apparition','Ancient Apparition',0.0,1.1,1.1,0,1,1,'','0.00'),('antimage','Anti Mage',4.4,5.5,9.9,4,5,9,'0.50','0.40'),('bane','Bane',5.5,3.3,8.8,5,3,8,'0.40','0.33'),('batrider','Batrider',23.1,30.8,53.8,21,28,49,'0.42','0.53'),('beastmaster','Beastmaster',33.0,24.2,57.1,30,22,52,'0.53','0.40'),('bounty_hunter','Bounty Hunter',7.7,40.7,48.4,7,37,44,'0.42','0.45'),('brewmaster','Brewmaster',3.3,4.4,7.7,3,4,7,'0.66','0.50'),('bristleback','Bristleback',4.4,0.0,4.4,4,0,4,'0.25',''),('broodmother','Broodmother',9.9,36.3,46.2,9,33,42,'0.33','0.63'),('centaur','Centaur Warrunner',1.1,0.0,1.1,1,0,1,'0.00',''),('chaos_knight','Chaos Knight',4.4,6.6,11.0,4,6,10,'0.50','0.33'),('chen','Chen',19.8,49.5,69.2,18,45,63,'0.50','0.44'),('clinkz','Clinkz',7.7,5.5,13.2,7,5,12,'0.71','0.00'),('crystal_maiden','Crystal Maiden',8.8,3.3,12.1,8,3,11,'0.50','0.66'),('dark_seer','Dark Seer',18.7,24.2,42.9,17,22,39,'0.52','0.45'),('dazzle','Dazzle',6.6,3.3,9.9,6,3,9,'0.33','0.33'),('death_prophet','Death Prophet',15.4,19.8,35.2,14,18,32,'0.50','0.66'),('disruptor','Disruptor',15.4,5.5,20.9,14,5,19,'0.64','0.40'),('doom_bringer','Doom',9.9,2.2,12.1,9,2,11,'0.55','1.00'),('dragon_knight','Dragon Knight',1.1,1.1,2.2,1,1,2,'0.00','0.00'),('drow_ranger','Drow Ranger',11.0,13.2,24.2,10,12,22,'0.60','0.50'),('earthshaker','Earthshaker',11.0,0.0,11.0,10,0,10,'0.30',''),('earth_spirit','Earth Spirit',22.0,72.5,94.5,20,66,86,'0.55','0.50'),('elder_titan','Elder Titan',2.2,0.0,2.2,2,0,2,'1.00',''),('ember_spirit','Ember Spirit',16.5,15.4,31.9,15,14,29,'0.33','0.42'),('enchantress','Enchantress',36.3,40.7,76.9,33,37,70,'0.54','0.59'),('enigma','Enigma',18.7,19.8,38.5,17,18,35,'0.70','0.33'),('faceless_void','Faceless Void',25.3,19.8,45.1,23,18,41,'0.43','0.33'),('furion','Natures Prophet',39.6,31.9,71.4,36,29,65,'0.50','0.65'),('gyrocopter','Gyrocopter',16.5,29.7,46.2,15,27,42,'0.46','0.63'),('invoker','Invoker',40.7,38.5,79.1,37,35,72,'0.56','0.42'),('jakiro','Jakiro',2.2,0.0,2.2,2,0,2,'0.00',''),('juggernaut','Juggernaut',12.1,16.5,28.6,11,15,26,'0.45','0.66'),('legion_commander','Legion Commander',3.3,0.0,3.3,3,0,3,'0.33',''),('leshrac','Leshrac',3.3,4.4,7.7,3,4,7,'0.33','0.50'),('lich','Lich',3.3,1.1,4.4,3,1,4,'0.66','0.00'),('life_stealer','Lifestealer',3.3,0.0,3.3,3,0,3,'0.00',''),('lina','Lina',9.9,5.5,15.4,9,5,14,'0.33','0.80'),('lion','Lion',34.1,6.6,40.7,31,6,37,'0.64','0.33'),('lone_druid','Lone Druid',20.9,46.2,67.0,19,42,61,'0.63','0.50'),('luna','Luna',1.1,0.0,1.1,1,0,1,'0.00',''),('lycan','Lycan',4.4,14.3,18.7,4,13,17,'0.75','0.46'),('medusa','Medusa',1.1,2.2,3.3,1,2,3,'1.00','0.00'),('mirana','Mirana',7.7,7.7,15.4,7,7,14,'0.57','0.57'),('morphling','Morphling',9.9,7.7,17.6,9,7,16,'0.22','0.71'),('naga_siren','Naga Siren',3.3,0.0,3.3,3,0,3,'0.33',''),('necrolyte','Necrophos',3.3,0.0,3.3,3,0,3,'0.00',''),('night_stalker','Night Stalker',12.1,8.8,20.9,11,8,19,'0.36','0.62'),('nyx_assassin','Nyx Assassin',7.7,2.2,9.9,7,2,9,'0.71','0.00'),('obsidian_destroyer','Outworld Devourer',26.4,44.0,70.3,24,40,64,'0.62','0.50'),('ogre_magi','Ogre Magi',1.1,0.0,1.1,1,0,1,'0.00',''),('oracle','Oracle',8.8,3.3,12.1,8,3,11,'0.37','0.66'),('phantom_assassin','Phantom Assassin',1.1,0.0,1.1,1,0,1,'0.00',''),('phantom_lancer','Phantom Lancer',12.1,13.2,25.3,11,12,23,'0.54','0.58'),('phoenix','Phoenix',23.1,11.0,34.1,21,10,31,'0.52','0.40'),('puck','Puck',13.2,17.6,30.8,12,16,28,'0.41','0.50'),('pugna','Pugna',4.4,2.2,6.6,4,2,6,'0.25','0.50'),('queenofpain','Queen of Pain',6.6,7.7,14.3,6,7,13,'0.50','0.85'),('razor','Razor',8.8,9.9,18.7,8,9,17,'0.25','0.77'),('rubick','Rubick',13.2,6.6,19.8,12,6,18,'0.50','0.16'),('sand_king','Sand King',3.3,0.0,3.3,3,0,3,'0.33',''),('shadow_demon','Shadow Demon',1.1,0.0,1.1,1,0,1,'0.00',''),('shadow_shaman','Shadow Shaman',4.4,2.2,6.6,4,2,6,'0.25','0.50'),('silencer','Silencer',3.3,1.1,4.4,3,1,4,'0.33','1.00'),('skeleton_king','Wraith King',0.0,1.1,1.1,0,1,1,'','0.00'),('slardar','Slardar',1.1,2.2,3.3,1,2,3,'0.00','0.00'),('slark','Slark',15.4,12.1,27.5,14,11,25,'0.71','0.36'),('spectre','Spectre',17.6,14.3,31.9,16,13,29,'0.62','0.30'),('spirit_breaker','Spirit Breaker',3.3,1.1,4.4,3,1,4,'0.00','1.00'),('sven','Sven',26.4,22.0,48.4,24,20,44,'0.50','0.60'),('templar_assassin','Templar Assassin',4.4,3.3,7.7,4,3,7,'0.75','0.33'),('terrorblade','Terrorblade',1.1,2.2,3.3,1,2,3,'0.00','1.00'),('tidehunter','Tidehunter',23.1,15.4,38.5,21,14,35,'0.61','0.42'),('tiny','Tiny',14.3,7.7,22.0,13,7,20,'0.53','0.71'),('treant','Treant Protector',2.2,1.1,3.3,2,1,3,'1.00','0.00'),('tusk','Tusk',20.9,12.1,33.0,19,11,30,'0.52','0.27'),('undying','Undying',2.2,0.0,2.2,2,0,2,'0.50',''),('ursa','Ursa',15.4,22.0,37.4,14,20,34,'0.64','0.50'),('vengefulspirit','Vengeful Spirit',39.6,19.8,59.3,36,18,54,'0.44','0.55'),('viper','Viper',3.3,7.7,11.0,3,7,10,'0.33','0.71'),('visage','Visage',4.4,0.0,4.4,4,0,4,'0.50',''),('warlock','Warlock',4.4,0.0,4.4,4,0,4,'0.50',''),('weaver','Weaver',6.6,1.1,7.7,6,1,7,'0.33','0.00'),('windrunner','Windranger',4.4,1.1,5.5,4,1,5,'1.00','1.00'),('winter_wyvern','Winter Wyvern',9.9,4.4,14.3,9,4,13,'0.33','0.50'),('wisp','Io',26.4,29.7,56.0,24,27,51,'0.45','0.44'),('witch_doctor','Witch Doctor',27.5,14.3,41.8,25,13,38,'0.40','0.46');
/*!40000 ALTER TABLE `Draft_Stats` ENABLE KEYS */;
UNLOCK TABLES;

--
-- Table structure for table `Games_Played`
--

DROP TABLE IF EXISTS `Games_Played`;
/*!40101 SET @saved_cs_client     = @@character_set_client */;
/*!40101 SET character_set_client = utf8 */;
CREATE TABLE `Games_Played` (
  `Match_ID` varchar(10) NOT NULL,
  `Date` varchar(8) NOT NULL,
  `Radiant` varchar(11) NOT NULL,
  `Dire` varchar(11) NOT NULL,
  `Winner` varchar(7) NOT NULL,
  `Time` varchar(6) NOT NULL,
  `Score` varchar(7) NOT NULL,
  PRIMARY KEY (`Match_ID`)
) ENGINE=InnoDB DEFAULT CHARSET=utf8;
/*!40101 SET character_set_client = @saved_cs_client */;

--
-- Dumping data for table `Games_Played`
--

LOCK TABLES `Games_Played` WRITE;
/*!40000 ALTER TABLE `Games_Played` DISABLE KEYS */;
INSERT INTO `Games_Played` VALUES ('','','','','','',''),('2176498930','02/24/16','EHOME','MVP Phoenix','DIRE','25.93','6 - 23'),('2176558984','02/24/16','EHOME','MVP Phoenix','DIRE','30.23','10 - 29'),('2176559949','02/24/16','CDEC','Secret','DIRE','24.45','6 - 16'),('2176618946','02/24/16','Secret','CDEC','RADIANT','32.85','23 - 14'),('2176744667','02/24/16','CDEC','EHOME','DIRE','46.12','31 - 46'),('2176882495','02/24/16','CDEC','EHOME','RADIANT','44.33','29 - 19'),('2177005584','02/25/16','EHOME','CDEC','RADIANT','46.75','33 - 19'),('2177171063','02/25/16','Secret','MVP Phoenix','DIRE','18.57','4 - 22'),('2177257309','02/25/16','MVP Phoenix','Secret','RADIANT','24.03','21 - 15'),('2177549858','02/25/16','EHOME','Secret','DIRE','40.67','16 - 15'),('2177741136','02/25/16','EHOME','Secret','DIRE','34.53','6 - 17'),('2178661580','02/25/16','TSpirit','Alliance','DIRE','36.57','16 - 32'),('2178692811','02/25/16','VG','Fnatic.MY','DIRE','50.80','18 - 26'),('2178739661','02/25/16','Alliance','TSpirit','RADIANT','44.47','31 - 27'),('2178782204','02/25/16','VG','Fnatic.MY','RADIANT','34.90','26 - 11'),('2178853523','02/25/16','VG','Fnatic.MY','DIRE','21.87','3 - 16'),('2178970934','02/25/16','VG','TSpirit','DIRE','32.75','11 - 30'),('2179222246','02/26/16','VG','TSpirit','DIRE','28.72','10 - 24'),('2179252492','02/26/16','Alliance','Fnatic.MY','RADIANT','60.57','33 - 21'),('2179423318','02/26/16','Fnatic.MY','Alliance','DIRE','50.40','17 - 29'),('2179624943','02/26/16','Fnatic.MY','TSpirit','DIRE','54.88','32 - 44'),('2179855075','02/26/16','TSpirit','Fnatic.MY','DIRE','31.23','11 - 25'),('2180068537','02/26/16','Fnatic.MY','TSpirit','RADIANT','41.92','33 - 21'),('2181021263','02/26/16','OG','Archon','RADIANT','24.52','23 - 11'),('2181038082','02/26/16','LGD.cn','Nb','RADIANT','43.32','34 - 16'),('2181080385','02/26/16','Archon','OG','DIRE','41.52','23 - 24'),('2181130001','02/26/16','Nb','LGD.cn','RADIANT','21.03','27 - 9'),('2181195992','02/26/16','Nb','LGD.cn','DIRE','52.15','15 - 25'),('2181387942','02/26/16','Archon','Nb','DIRE','46.60','23 - 29'),('2181519569','02/26/16','Nb','Archon','RADIANT','39.98','38 - 14'),('2181696818','02/27/16','LGD.cn','OG','DIRE','31.72','8 - 28'),('2181823003','02/27/16','LGD.cn','OG','RADIANT','75.78','35 - 31'),('2182047120','02/27/16','OG','LGD.cn','RADIANT','39.37','25 - 23'),('2182314158','02/27/16','Nb','LGD.cn','DIRE','58.62','7 - 25'),('2182565525','02/27/16','LGD.cn','Nb','RADIANT','28.43','25 - 11'),('2183792909','02/27/16','Liquid','VP 2','RADIANT','24.32','19 - 6'),('2183812156','02/27/16','EG','coL 2','DIRE','41.93','18 - 31'),('2183857503','02/27/16','VP 2','Liquid','RADIANT','37.75','26 - 24'),('2183894124','02/27/16','coL 2','EG','DIRE','22.40','3 - 22'),('2183947071','02/27/16','Liquid','VP 2','DIRE','35.20','15 - 23'),('2183961604','02/27/16','coL 2','EG','DIRE','34.07','8 - 28'),('2184118645','02/27/16','coL 2','Liquid','DIRE','40.43','24 - 23'),('2184275180','02/27/16','Liquid','coL 2','RADIANT','27.90','25 - 5'),('2184452141','02/27/16','VP 2','EG','DIRE','51.82','20 - 30'),('2184665045','02/28/16','VP 2','EG','DIRE','45.85','33 - 31'),('2184910779','02/28/16','VP 2','Liquid','DIRE','28.48','8 - 27'),('2185060254','02/28/16','Liquid','VP 2','RADIANT','38.32','36 - 22'),('2191055532','03/01/16','Alliance','Liquid','DIRE','37.68','13 - 30'),('2191144529','03/01/16','Liquid','Alliance','DIRE','56.12','18 - 30'),('2191243186','03/01/16','Liquid','Alliance','RADIANT','44.70','33 - 15'),('2191441268','03/02/16','MVP Phoenix','LGD.cn','RADIANT','23.27','18 - 4'),('2191531548','03/02/16','LGD.cn','MVP Phoenix','DIRE','27.03','14 - 25'),('2191757537','03/02/16','Archon','EHOME','DIRE','27.92','9 - 29'),('2192088670','03/02/16','TSpirit','coL 2','DIRE','34.25','9 - 35'),('2192320439','03/02/16','VP 2','VG','RADIANT','43.25','34 - 10'),('2192542709','03/02/16','Nb','CDEC','RADIANT','62.28','34 - 23'),('2193199056','03/02/16','OG','Secret','RADIANT','27.05','16 - 17'),('2193255935','03/02/16','Secret','OG','RADIANT','35.77','31 - 11'),('2193321592','03/02/16','OG','Secret','DIRE','40.72','9 - 16'),('2193441529','03/02/16','Fnatic.MY','EG','DIRE','36.73','7 - 25'),('2193524509','03/02/16','Fnatic.MY','EG','DIRE','35.97','13 - 44'),('2193658590','03/03/16','EHOME','Alliance','DIRE','54.78','17 - 32'),('2193849107','03/03/16','LGD.cn','coL 2','DIRE','43.42','18 - 27'),('2194067318','03/03/16','OG','VP 2','RADIANT','40.15','28 - 15'),('2194260255','03/03/16','Fnatic.MY','Nb','RADIANT','29.88','18 - 9'),('2195561641','03/03/16','Liquid','MVP Phoenix','RADIANT','17.42','20 - 5'),('2195617106','03/03/16','MVP Phoenix','Liquid','DIRE','43.42','19 - 33'),('2195748703','03/03/16','Secret','EG','RADIANT','40.18','24 - 15'),('2195854935','03/03/16','Secret','EG','DIRE','24.30','6 - 23'),('2195950707','03/04/16','Secret','EG','RADIANT','55.87','35 - 24'),('2196139871','03/04/16','Alliance','coL 2','RADIANT','50.80','35 - 18'),('2196306427','03/04/16','Alliance','coL 2','DIRE','44.43','14 - 24'),('2196501846','03/04/16','Alliance','coL 2','DIRE','46.42','24 - 29'),('2196830083','03/04/16','OG','Fnatic.MY','DIRE','41.75','18 - 30'),('2197006785','03/04/16','OG','Fnatic.MY','RADIANT','67.75','31 - 34'),('2197232058','03/04/16','Fnatic.MY','OG','RADIANT','29.17','28 - 4'),('2198057551','03/04/16','EG','coL 2','RADIANT','34.17','36 - 11'),('2198141418','03/04/16','EG','coL 2','RADIANT','18.60','19 - 4'),('2198252097','03/04/16','MVP Phoenix','Fnatic.MY','RADIANT','35.00','27 - 12'),('2198359197','03/04/16','Fnatic.MY','MVP Phoenix','DIRE','37.78','20 - 34'),('2198604205','03/04/16','Liquid','Secret','DIRE','41.40','16 - 43'),('2198763106','03/05/16','Secret','Liquid','RADIANT','45.07','36 - 28'),('2198989614','03/05/16','MVP Phoenix','EG','DIRE','32.20','10 - 28'),('2199144312','03/05/16','EG','MVP Phoenix','RADIANT','35.40','28 - 12'),('2201019839','03/05/16','Liquid','EG','RADIANT','39.45','13 - 19'),('2201116123','03/05/16','EG','Liquid','DIRE','31.80','3 - 17'),('2201456363','03/05/16','Liquid','Secret','DIRE','46.35','14 - 37'),('2201624014','03/06/16','Liquid','Secret','RADIANT','50.18','31 - 25'),('2201838263','03/06/16','Secret','Liquid','RADIANT','44.08','35 - 19'),('2201993554','03/06/16','Liquid','Secret','DIRE','25.67','3 - 26'),('2201993555','test','test','test','test','1111.1','test'),('2201993556','test','test','test','test','1111.1','test'),('2201993647','test','test','test','test','1111.1','test'),('2222222222','tes1t','t1est','t1est','te1st','1111.1','what'),('3333333333','tes1t','t1est','t1est','te1st','1111.1','what'),('test','test','test','test','test','test','test');
/*!40000 ALTER TABLE `Games_Played` ENABLE KEYS */;
UNLOCK TABLES;

--
-- Table structure for table `Hero_Info`
--

DROP TABLE IF EXISTS `Hero_Info`;
/*!40101 SET @saved_cs_client     = @@character_set_client */;
/*!40101 SET character_set_client = utf8 */;
CREATE TABLE `Hero_Info` (
  `Hero` varchar(19) NOT NULL DEFAULT '',
  `Name` varchar(19) DEFAULT NULL,
  `Attribute` varchar(12) DEFAULT NULL,
  `Games` int(4) DEFAULT NULL,
  `Comments` varchar(1000) NOT NULL,
  PRIMARY KEY (`Hero`)
) ENGINE=InnoDB DEFAULT CHARSET=utf8;
/*!40101 SET character_set_client = @saved_cs_client */;

--
-- Dumping data for table `Hero_Info`
--

LOCK TABLES `Hero_Info` WRITE;
/*!40000 ALTER TABLE `Hero_Info` DISABLE KEYS */;
INSERT INTO `Hero_Info` VALUES ('','','',0,''),('abaddon','Abaddon','Strength',795,''),('alchemist','Alchemist','Strength',1950,''),('ancient_apparition','Ancient Apparition','Intelligence',3059,''),('antimage','Anti Mage','Agility',1732,''),('arc_warden','Arc Warden','Agility',0,''),('axe','Axe','Strength',1329,''),('bane','Bane','Intelligence',2948,''),('batrider','Batrider','Intelligence',3952,''),('beastmaster','Beastmaster','Strength',1675,''),('bloodseeker','Bloodseeker','Agility',271,''),('bounty_hunter','Bounty Hunter','Agility',1742,''),('brewmaster','Brewmaster','Strength',2296,''),('bristleback','Bristleback','Strength',1532,''),('broodmother','Broodmother','Agility',766,''),('centaur','Centaur Warrunner','Strength',2155,''),('chaos_knight','Chaos Knight','Strength',885,''),('chen','Chen','Intelligence',2825,''),('clinkz','Clinkz','Agility',752,''),('crystal_maiden','Crystal Maiden','Intelligence',2109,''),('dark_seer','Dark Seer','Intelligence',4366,''),('dazzle','Dazzle','Intelligence',3021,''),('death_prophet','Death Prophet','Intelligence',1365,''),('disruptor','Disruptor','Intelligence',2377,''),('doom_bringer','Doom','Strength',2338,''),('dragon_knight','Dragon Knight','Strength',2141,''),('drow_ranger','Drow Ranger','Agility',773,''),('earthshaker','Earthshaker','Strength',3722,''),('earth_spirit','Earth Spirit','Strength',276,''),('elder_titan','Elder Titan','Strength',1202,''),('ember_spirit','Ember Spirit','Agility',2363,''),('enchantress','Enchantress','Intelligence',1768,''),('enigma','Enigma','Intelligence',1926,''),('faceless_void','Faceless Void','Agility',1788,''),('furion','Natures Prophet','Intelligence',4204,''),('gyrocopter','Gyrocopter','Agility',3956,''),('huskar','Huskar','Strength',227,''),('invoker','Invoker','Intelligence',3234,''),('jakiro','Jakiro','Intelligence',2527,''),('juggernaut','Juggernaut','Agility',2196,''),('keeper_of_the_light','Keeper of the Light','Intelligence',1661,''),('kunkka','Kunkka','Strength',660,''),('legion_commander','Legion Commander','Strength',454,''),('leshrac','Leshrac','Intelligence',2286,''),('lich','Lich','Intelligence',1451,''),('life_stealer','Lifestealer','Strength',2867,''),('lina','Lina','Intelligence',2534,''),('lion','Lion','Intelligence',2427,''),('lone_druid','Lone Druid','Agility',2082,''),('luna','Luna','Agility',1763,''),('lycan','Lycan','Strength',1404,''),('magnataur','Magnus','Strength',2116,''),('medusa','Medusa','Agility',589,''),('meepo','Meepo','Agility',212,''),('mirana','Mirana','Agility',3067,''),('morphling','Morphling','Agility',1624,''),('naga_siren','Naga Siren','Agility',2357,''),('necrolyte','Necrophos','Intelligence',400,''),('nevermore','Shadow Fiend','Agility',2979,''),('night_stalker','Night Stalker','Strength',1525,''),('nyx_assassin','Nyx Assassin','Agility',3013,''),('obsidian_destroyer','Outworld Devourer','Intelligence',1249,''),('ogre_magi','Ogre Magi','Intelligence',1378,''),('omniknight','Omniknight','Strength',462,''),('oracle','Oracle','Intelligence',281,''),('phantom_assassin','Phantom Assassin','Agility',610,''),('phantom_lancer','Phantom Lancer','Agility',1183,''),('phoenix','Phoenix','Strength',699,''),('puck','Puck','Intelligence',3277,''),('pudge','Pudge','Strength',287,''),('pugna','Pugna','Intelligence',632,''),('queenofpain','Queen of Pain','Intelligence',4152,''),('rattletrap','Clockwerk','Strength',4020,''),('razor','Razor','Agility',2132,''),('riki','Riki','Agility',132,''),('rubick','Rubick','Intelligence',6281,''),('sand_king','Sand King','Strength',2512,''),('shadow_demon','Shadow Demon','Intelligence',3665,''),('shadow_shaman','Shadow Shaman','Intelligence',1983,''),('shredder','Timbersaw','Strength',1406,''),('silencer','Silencer','Intelligence',930,''),('skeleton_king','Wraith King','Strength',1124,''),('skywrath_mage','Skywrath Mage','Intelligence',3040,''),('slardar','Slardar','Strength',1240,''),('slark','Slark','Agility',1692,''),('sniper','Sniper','Agility',727,''),('spectre','Spectre','Agility',976,''),('spirit_breaker','Spirit Breaker','Strength',1437,''),('storm_spirit','Storm Spirit','Intelligence',2537,''),('sven','Sven','Strength',913,''),('techies','Techies','Intelligence',45,''),('templar_assassin','Templar Assassin','Agility',2174,''),('terrorblade','Terrorblade','Agility',293,''),('test','test','test',0,'test'),('tidehunter','Tidehunter','Strength',2440,''),('tinker','Tinker','Intelligence',1010,''),('tiny','Tiny','Strength',1331,''),('treant','Treant Protector','Strength',1546,''),('troll_warlord','Troll Warlord','Agility',1110,''),('tusk','Tusk','Strength',1814,''),('undying','Undying','Strength',1511,''),('ursa','Ursa','Agility',412,''),('vengefulspirit','Vengeful Spirit','Agility',3999,''),('venomancer','Venomancer','Agility',1888,''),('viper','Viper','Agility',2244,''),('visage','Visage','Intelligence',3231,''),('warlock','Warlock','Intelligence',281,''),('weaver','Weaver','Agility',2390,''),('windrunner','Windranger','Intelligence',2405,''),('winter_wyvern','Winter Wyvern','Intelligence',1120,''),('wisp','Io','Strength',2995,''),('witch_doctor','Witch Doctor','Intelligence',2430,''),('zuus','Zeus','Intelligence',1280,'');
/*!40000 ALTER TABLE `Hero_Info` ENABLE KEYS */;
UNLOCK TABLES;

--
-- Table structure for table `Hero_Stats`
--

DROP TABLE IF EXISTS `Hero_Stats`;
/*!40101 SET @saved_cs_client     = @@character_set_client */;
/*!40101 SET character_set_client = utf8 */;
CREATE TABLE `Hero_Stats` (
  `Hero` varchar(18) NOT NULL DEFAULT '',
  `Name` varchar(17) DEFAULT NULL,
  `Matches Link` varchar(7) DEFAULT NULL,
  `Games` int(2) DEFAULT NULL,
  `W` int(2) DEFAULT NULL,
  `L` int(2) DEFAULT NULL,
  `Win %` decimal(4,3) DEFAULT NULL,
  `Lvl` decimal(3,1) DEFAULT NULL,
  `K` decimal(3,1) DEFAULT NULL,
  `D` decimal(2,1) DEFAULT NULL,
  `A` decimal(3,1) DEFAULT NULL,
  `Gold` int(4) DEFAULT NULL,
  `LH` decimal(4,1) DEFAULT NULL,
  `Denies` decimal(3,1) DEFAULT NULL,
  `GPM` int(3) DEFAULT NULL,
  `XPM` int(3) DEFAULT NULL,
  PRIMARY KEY (`Hero`)
) ENGINE=InnoDB DEFAULT CHARSET=utf8;
/*!40101 SET character_set_client = @saved_cs_client */;

--
-- Dumping data for table `Hero_Stats`
--

LOCK TABLES `Hero_Stats` WRITE;
/*!40000 ALTER TABLE `Hero_Stats` DISABLE KEYS */;
INSERT INTO `Hero_Stats` VALUES ('abaddon','Abaddon','Matches',1,1,0,1.000,18.0,3.0,4.0,14.0,2349,56.0,0.0,305,372),('alchemist','Alchemist','Matches',1,0,1,0.000,14.0,2.0,7.0,7.0,2359,185.0,3.0,540,385),('antimage','Anti Mage','Matches',4,2,2,0.500,20.8,4.8,2.3,5.0,3699,410.0,14.8,702,682),('bane','Bane','Matches',5,2,3,0.400,13.6,1.8,4.6,8.4,1275,32.8,3.4,257,267),('batrider','Batrider','Matches',21,9,12,0.429,17.0,3.5,5.7,10.7,2031,156.7,3.7,344,373),('beastmaster','Beastmaster','Matches',30,16,14,0.533,16.7,3.0,4.7,8.3,2284,177.4,5.0,393,390),('bounty_hunter','Bounty Hunter','Matches',7,3,4,0.429,15.0,3.6,4.1,9.6,2528,30.4,0.0,309,287),('brewmaster','Brewmaster','Matches',3,2,1,0.667,20.7,3.0,4.7,14.7,2092,159.0,4.7,428,558),('bristleback','Bristleback','Matches',4,1,3,0.250,14.5,2.8,3.3,4.5,1434,163.0,7.5,473,427),('broodmother','Broodmother','Matches',9,3,6,0.333,18.1,4.3,5.1,3.8,2088,223.7,1.7,484,487),('centaur','Centaur Warrunner','Matches',1,0,1,0.000,19.0,6.0,5.0,13.0,1586,161.0,8.0,382,439),('chaos_knight','Chaos Knight','Matches',4,2,2,0.500,18.0,7.3,4.0,7.5,2021,238.8,13.8,530,488),('chen','Chen','Matches',18,9,9,0.500,12.7,2.4,4.2,5.3,1822,111.1,1.2,308,253),('clinkz','Clinkz','Matches',7,5,2,0.714,17.6,7.7,3.1,4.7,2166,179.1,10.4,515,511),('crystal_maiden','Crystal Maiden','Matches',8,4,4,0.500,12.8,1.6,5.1,10.1,1262,53.4,0.4,262,270),('dark_seer','Dark Seer','Matches',17,9,8,0.529,17.2,3.5,3.5,11.7,2225,216.5,0.6,423,408),('dazzle','Dazzle','Matches',6,2,4,0.333,12.0,1.2,3.7,4.2,1226,60.7,3.0,239,246),('death_prophet','Death Prophet','Matches',14,7,7,0.500,17.7,6.3,4.3,6.3,1917,192.1,9.8,503,502),('disruptor','Disruptor','Matches',14,9,5,0.643,12.1,2.1,4.1,9.2,1659,31.9,2.2,260,255),('doom_bringer','Doom','Matches',9,5,4,0.556,16.7,4.0,4.2,10.7,2883,108.9,1.6,368,380),('dragon_knight','Dragon Knight','Matches',1,0,1,0.000,18.0,3.0,2.0,7.0,1658,203.0,14.0,361,400),('drow_ranger','Drow Ranger','Matches',10,6,4,0.600,18.2,3.0,3.7,5.6,3429,244.8,14.9,517,499),('earthshaker','Earthshaker','Matches',10,3,7,0.300,13.6,2.3,4.6,8.9,945,74.0,1.3,286,301),('earth_spirit','Earth Spirit','Matches',20,11,9,0.550,12.9,2.7,5.8,11.7,1375,39.7,0.8,267,271),('elder_titan','Elder Titan','Matches',2,2,0,1.000,15.0,3.0,4.5,14.5,3311,98.5,3.5,375,334),('ember_spirit','Ember Spirit','Matches',15,5,10,0.333,19.6,5.5,4.3,7.2,2425,301.5,6.7,526,531),('enchantress','Enchantress','Matches',33,18,15,0.545,15.0,4.6,4.0,7.6,2036,106.4,1.8,333,330),('enigma','Enigma','Matches',17,12,5,0.706,16.2,2.6,3.1,11.2,2329,193.6,9.1,447,409),('faceless_void','Faceless Void','Matches',23,10,13,0.435,15.8,2.2,4.1,7.5,1658,117.0,6.3,338,379),('furion','Natures Prophet','Matches',36,18,18,0.500,17.4,4.7,4.4,10.6,2383,246.1,4.9,518,457),('gyrocopter','Gyrocopter','Matches',15,7,8,0.467,17.3,6.3,4.1,8.5,2020,259.6,13.8,547,494),('invoker','Invoker','Matches',37,21,16,0.568,18.2,6.5,3.3,8.7,3107,224.6,15.5,543,502),('jakiro','Jakiro','Matches',2,0,2,0.000,12.5,1.0,6.5,2.5,1012,109.5,5.0,313,316),('juggernaut','Juggernaut','Matches',11,5,6,0.455,18.8,5.6,3.9,6.5,1875,292.4,12.8,520,498),('legion_commander','Legion Commander','Matches',3,1,2,0.333,13.0,2.3,5.7,2.7,1034,102.7,4.3,330,319),('leshrac','Leshrac','Matches',3,1,2,0.333,18.3,3.3,5.3,7.3,985,290.7,19.0,512,452),('lich','Lich','Matches',3,2,1,0.667,15.0,4.3,3.7,13.7,1001,25.7,1.0,285,316),('life_stealer','Lifestealer','Matches',3,0,3,0.000,13.0,3.0,2.7,4.0,442,123.3,15.7,371,348),('lina','Lina','Matches',9,3,6,0.333,16.4,4.7,4.8,7.3,1661,168.4,7.9,398,401),('lion','Lion','Matches',31,20,11,0.645,14.4,2.8,4.7,8.6,1561,49.0,2.2,277,298),('lone_druid','Lone Druid','Matches',19,12,7,0.632,18.4,3.2,2.9,7.4,2516,257.5,9.9,562,522),('luna','Luna','Matches',1,0,1,0.000,19.0,5.0,4.0,9.0,2177,295.0,13.0,496,524),('lycan','Lycan','Matches',4,3,1,0.750,21.0,7.8,4.0,11.5,1006,311.8,7.0,550,539),('medusa','Medusa','Matches',1,1,0,1.000,22.0,5.0,4.0,15.0,4642,331.0,14.0,639,631),('mirana','Mirana','Matches',7,4,3,0.571,14.1,3.9,3.1,9.9,2335,67.3,0.1,322,313),('morphling','Morphling','Matches',9,2,7,0.222,18.1,2.3,2.8,3.2,2056,280.4,15.4,500,493),('naga_siren','Naga Siren','Matches',3,1,2,0.333,16.7,3.0,2.7,8.7,5305,554.7,5.3,644,365),('necrolyte','Necrophos','Matches',3,0,3,0.000,18.7,4.7,6.0,7.0,1959,277.7,16.0,411,419),('night_stalker','Night Stalker','Matches',11,4,7,0.364,14.7,2.3,4.8,7.9,1353,91.6,1.7,295,326),('nyx_assassin','Nyx Assassin','Matches',7,5,2,0.714,15.3,3.4,2.7,11.7,1504,57.0,3.9,337,352),('obsidian_destroyer','Outworld Devourer','Matches',24,15,9,0.625,19.0,8.8,4.0,6.8,2880,229.6,19.0,524,515),('ogre_magi','Ogre Magi','Matches',1,0,1,0.000,6.0,0.0,5.0,3.0,13,1.0,0.0,128,117),('oracle','Oracle','Matches',8,3,5,0.375,14.0,2.3,6.3,6.9,1338,54.5,3.0,236,253),('phantom_assassin','Phantom Assassin','Matches',1,0,1,0.000,10.0,3.0,3.0,1.0,1104,58.0,11.0,308,341),('phantom_lancer','Phantom Lancer','Matches',11,6,5,0.545,19.6,6.1,3.5,6.7,3245,296.8,14.2,549,534),('phoenix','Phoenix','Matches',21,11,10,0.524,15.1,3.6,4.4,11.7,1836,70.4,3.6,319,349),('puck','Puck','Matches',12,5,7,0.417,17.3,4.7,3.9,9.8,1938,180.5,10.8,427,446),('pugna','Pugna','Matches',4,1,3,0.250,15.5,3.0,6.5,3.8,541,171.0,3.5,343,310),('queenofpain','Queen of Pain','Matches',6,3,3,0.500,18.5,7.0,3.8,9.0,2181,198.2,17.0,498,513),('razor','Razor','Matches',8,2,6,0.250,15.9,3.6,3.9,4.9,666,199.5,18.5,428,431),('rubick','Rubick','Matches',12,6,6,0.500,14.5,2.1,4.4,9.1,1471,64.9,1.7,256,271),('sand_king','Sand King','Matches',3,1,2,0.333,13.3,2.3,3.7,5.7,1878,72.0,1.3,326,355),('shadow_demon','Shadow Demon','Matches',1,0,1,0.000,12.0,2.0,8.0,2.0,34,24.0,2.0,226,225),('shadow_shaman','Shadow Shaman','Matches',4,1,3,0.250,14.3,3.5,4.8,7.0,1361,85.8,1.5,269,249),('silencer','Silencer','Matches',3,1,2,0.333,16.3,4.3,6.0,7.3,1476,159.3,19.0,329,355),('slardar','Slardar','Matches',1,0,1,0.000,18.0,6.0,5.0,8.0,1526,157.0,18.0,428,451),('slark','Slark','Matches',14,10,4,0.714,21.1,9.1,2.6,7.4,3165,280.8,17.9,616,637),('spectre','Spectre','Matches',16,10,6,0.625,20.3,8.9,3.1,13.2,2612,302.8,10.9,580,582),('spirit_breaker','Spirit Breaker','Matches',3,0,3,0.000,11.7,1.3,6.0,6.7,375,38.3,0.7,222,251),('sven','Sven','Matches',24,12,12,0.500,21.5,6.2,3.4,6.7,3141,431.0,9.8,668,621),('templar_assassin','Templar Assassin','Matches',4,3,1,0.750,23.5,10.0,2.8,6.3,3332,400.3,24.8,704,676),('terrorblade','Terrorblade','Matches',1,0,1,0.000,18.0,5.0,0.0,1.0,1810,437.0,33.0,645,444),('tidehunter','Tidehunter','Matches',21,13,8,0.619,16.9,2.4,3.4,10.3,1655,149.0,2.4,400,437),('tiny','Tiny','Matches',13,7,6,0.538,18.7,7.4,4.1,8.3,2972,260.2,8.4,559,533),('treant','Treant Protector','Matches',2,2,0,1.000,10.0,2.5,0.0,6.5,1843,12.5,0.0,301,272),('tusk','Tusk','Matches',19,10,9,0.526,12.8,1.5,5.8,10.8,1571,41.8,0.9,272,269),('undying','Undying','Matches',2,1,1,0.500,17.0,5.0,7.0,19.0,1021,74.0,1.5,298,361),('ursa','Ursa','Matches',14,9,5,0.643,19.6,8.3,3.5,7.4,2281,202.8,8.6,535,565),('vengefulspirit','Vengeful Spirit','Matches',36,16,20,0.444,13.2,2.1,5.1,9.5,1217,32.3,1.4,256,273),('viper','Viper','Matches',3,1,2,0.333,16.7,4.3,5.3,8.7,2129,150.7,9.0,413,441),('visage','Visage','Matches',4,2,2,0.500,14.8,6.8,6.8,7.8,2598,86.3,1.0,330,284),('warlock','Warlock','Matches',4,2,2,0.500,15.3,4.5,2.5,7.0,2019,122.3,6.0,377,355),('weaver','Weaver','Matches',6,2,4,0.333,17.7,5.8,3.2,6.8,1966,227.5,9.8,474,474),('windrunner','Windranger','Matches',4,4,0,1.000,17.3,6.5,1.3,9.8,1831,165.3,11.3,515,505),('winter_wyvern','Winter Wyvern','Matches',9,3,6,0.333,15.0,1.9,5.8,9.6,1427,86.3,1.9,293,319),('wisp','Io','Matches',24,11,13,0.458,13.3,2.0,5.8,8.5,1452,30.9,1.8,242,278),('witch_doctor','Witch Doctor','Matches',25,10,15,0.400,12.4,2.0,4.8,7.2,1402,46.7,2.4,243,237),('zuus','Zeus','Matches',10,4,6,0.400,19.1,6.0,5.3,13.0,2333,215.0,1.9,414,473);
/*!40000 ALTER TABLE `Hero_Stats` ENABLE KEYS */;
UNLOCK TABLES;

--
-- Table structure for table `Player_Stat`
--

DROP TABLE IF EXISTS `Player_Stat`;
/*!40101 SET @saved_cs_client     = @@character_set_client */;
/*!40101 SET character_set_client = utf8 */;
CREATE TABLE `Player_Stat` (
  `PID` int(11) NOT NULL AUTO_INCREMENT,
  `Player` varchar(15) DEFAULT NULL,
  `Games` int(2) DEFAULT NULL,
  `W` int(2) DEFAULT NULL,
  `L` int(1) DEFAULT NULL,
  `Win %` decimal(4,3) DEFAULT NULL,
  `Lvl` decimal(3,1) DEFAULT NULL,
  `K` decimal(2,1) DEFAULT NULL,
  `D` decimal(2,1) DEFAULT NULL,
  `A` decimal(3,1) DEFAULT NULL,
  `Gold` int(4) DEFAULT NULL,
  `LH` decimal(4,1) DEFAULT NULL,
  `Denies` decimal(3,1) DEFAULT NULL,
  `GPM` int(3) DEFAULT NULL,
  `XPM` int(3) DEFAULT NULL,
  PRIMARY KEY (`PID`),
  KEY `PID` (`PID`)
) ENGINE=InnoDB AUTO_INCREMENT=80 DEFAULT CHARSET=utf8;
/*!40101 SET character_set_client = @saved_cs_client */;

--
-- Dumping data for table `Player_Stat`
--

LOCK TABLES `Player_Stat` WRITE;
/*!40000 ALTER TABLE `Player_Stat` DISABLE KEYS */;
INSERT INTO `Player_Stat` VALUES (1,'AdmiralBulldog',11,7,4,0.636,19.9,5.4,4.5,11.9,2673,282.5,9.9,485,451),(2,'AfterLife',8,3,5,0.375,16.9,3.6,4.0,8.6,1784,157.3,2.5,396,417),(3,'Agressif',7,2,5,0.286,19.6,5.7,5.4,8.9,2187,302.3,11.9,521,522),(4,'Akke',11,7,4,0.636,15.5,4.6,4.8,8.4,2384,101.2,2.9,296,290),(5,'ALWAYSWANNAFLY',8,3,5,0.375,13.9,2.6,7.5,9.4,790,36.4,1.9,258,283),(6,'Arteezy',16,11,5,0.688,19.5,7.1,2.9,7.0,1840,281.6,7.8,607,582),(7,'BangFish',16,7,9,0.438,18.4,6.6,4.5,8.0,2715,228.8,19.2,501,477),(8,'BurNIng',6,1,5,0.167,18.5,3.8,3.8,3.7,2733,286.0,10.0,538,531),(9,'CapXiao2Lei',9,4,5,0.444,16.2,3.6,3.0,10.0,2264,129.2,2.0,346,353),(10,'Chessie 2',12,5,7,0.417,18.5,5.0,3.6,7.8,2466,237.8,10.5,522,522),(11,'Chrissy',16,7,9,0.438,13.8,2.9,5.3,7.6,1351,96.1,1.8,306,276),(12,'ChuaN',9,4,5,0.444,13.8,2.9,5.1,7.6,1402,79.0,1.8,282,269),(13,'Cr1t',12,7,5,0.583,14.8,2.4,5.0,10.1,2287,58.8,0.8,287,319),(14,'Cty',9,3,6,0.333,19.4,5.1,3.6,7.7,1810,284.1,15.4,533,536),(15,'DDC',11,5,6,0.455,13.2,3.3,4.3,8.1,1819,64.2,2.3,267,246),(16,'dkphobos',9,3,6,0.333,16.2,3.0,4.8,8.4,1145,121.7,2.9,343,383),(17,'EGM',11,7,4,0.636,16.3,2.6,5.2,11.4,1993,75.4,1.7,277,312),(18,'eLeVeN',9,3,6,0.333,17.4,3.7,5.9,6.9,2253,186.2,6.4,417,441),(19,'Eternal Envy',19,13,6,0.684,19.4,6.7,2.7,7.0,3291,249.9,9.8,571,583),(20,'FATA',20,12,8,0.600,18.6,6.0,3.4,8.3,2802,236.1,13.3,536,514),(21,'Fear',16,11,5,0.688,15.4,3.6,2.8,10.9,2245,111.6,1.8,399,379),(22,'Febby',12,8,4,0.667,11.7,2.3,3.3,9.0,1415,35.9,0.3,294,280),(23,'Fenrir',6,1,5,0.167,11.3,1.3,5.7,4.7,719,40.5,1.0,215,212),(24,'Fng',9,3,6,0.333,13.8,1.9,5.6,9.8,633,71.6,2.2,274,287),(25,'FoREv',12,8,4,0.667,14.0,4.0,2.8,8.5,1950,122.4,4.3,450,397),(26,'fy',6,1,5,0.167,13.5,1.5,5.3,6.5,670,68.7,2.5,274,293),(27,'G',9,3,6,0.333,19.7,6.4,4.6,8.6,2086,263.6,10.9,530,557),(28,'Garder',7,2,5,0.286,14.1,2.9,5.6,8.9,1560,62.6,1.7,271,278),(29,'Goblak',8,3,5,0.375,13.5,2.1,5.6,6.1,910,69.1,3.9,273,278),(30,'Handsken',12,5,7,0.417,12.8,1.4,5.9,7.8,1486,31.9,2.3,235,262),(31,'Hao',9,4,5,0.444,20.4,6.7,3.9,7.0,3603,381.8,13.4,612,555),(32,'Iceberg',8,3,5,0.375,18.6,8.3,5.0,8.6,2201,238.1,16.9,530,523),(33,'iceiceice',6,1,5,0.167,15.8,3.0,4.8,6.3,1858,131.8,4.8,376,399),(34,'JerAx',20,12,8,0.600,13.9,2.5,4.9,11.4,1953,51.1,3.0,289,296),(35,'Jeyo',5,0,5,0.000,16.2,5.0,4.6,6.0,455,203.6,9.6,412,416),(36,'kaka',9,3,6,0.333,14.1,2.9,5.0,10.3,1394,56.2,1.3,267,294),(37,'KuroKy',20,12,8,0.600,13.6,2.6,5.2,8.7,1733,49.8,0.7,281,289),(38,'LaNm',9,3,6,0.333,14.0,2.9,3.8,9.6,1168,79.0,1.9,278,293),(39,'le',9,4,5,0.444,14.2,2.3,5.7,8.0,1389,55.6,1.7,258,278),(40,'Lil',9,3,6,0.333,14.3,2.8,5.6,9.0,1382,55.4,1.2,266,310),(41,'Limmp',12,5,7,0.417,17.3,6.2,4.1,7.2,2236,226.9,10.3,481,463),(42,'Loda',11,7,4,0.636,21.5,7.5,3.6,11.5,4699,412.5,11.6,591,538),(43,'MATUMBAMAN',20,12,8,0.600,19.3,7.3,3.6,7.3,3012,280.6,11.4,582,558),(44,'Maybe',11,5,6,0.455,18.5,6.1,3.9,7.5,2525,297.8,13.2,509,479),(45,'Miracle 2',12,7,5,0.583,20.8,7.7,2.9,4.8,2756,354.3,25.0,648,599),(46,'MiSeRY',19,13,6,0.684,16.6,3.0,3.9,10.9,2555,195.3,3.5,451,432),(47,'MMY',11,5,6,0.455,12.4,2.4,4.4,8.7,1714,37.3,0.9,240,224),(48,'monkeys',5,0,5,0.000,14.4,2.8,6.6,5.2,410,120.6,5.8,319,338),(49,'Moo',5,0,5,0.000,14.0,3.6,5.4,6.8,454,144.0,1.6,328,313),(50,'MoonMeander',12,7,5,0.583,17.8,2.6,5.0,9.0,2114,184.7,2.8,411,429),(51,'MP',12,8,4,0.667,15.2,5.0,2.9,8.0,1978,147.9,10.7,503,457),(52,'Mu',9,4,5,0.444,19.0,5.1,4.1,7.6,2960,242.8,8.8,483,486),(53,'Mushi',16,7,9,0.438,19.9,5.5,4.1,6.8,1944,327.0,16.0,559,539),(54,'MVP DuBu',12,8,4,0.667,10.4,1.8,4.5,10.4,1402,13.8,1.3,256,226),(55,'N0tail',12,7,5,0.583,17.3,4.0,5.1,8.6,2239,188.2,8.1,410,413),(56,'Net',16,7,9,0.438,13.4,2.3,5.2,9.0,1232,34.9,1.7,248,253),(57,'Ohaiyo',16,7,9,0.438,17.4,3.4,4.5,9.2,2036,183.3,2.4,418,422),(58,'old chicken',9,3,6,0.333,17.1,5.4,4.4,6.6,1838,181.3,9.6,420,424),(59,'PieLieDie',19,13,6,0.684,13.3,2.3,3.4,8.2,1554,47.8,2.1,275,287),(60,'Puppey',19,13,6,0.684,14.9,2.3,3.7,10.0,2852,115.1,4.1,357,352),(61,'ppd',16,11,5,0.688,14.1,2.8,3.8,10.5,1890,45.9,1.4,308,318),(62,'Q',7,2,5,0.286,14.6,3.9,4.9,8.7,1229,98.4,1.3,296,300),(63,'QO',12,8,4,0.667,16.8,7.1,2.7,8.0,2896,195.3,10.1,560,554),(64,'RAMZES666',8,3,5,0.375,19.1,6.0,4.0,7.8,2613,308.3,13.1,555,525),(65,'riskMinDContRoL',20,12,8,0.600,16.3,3.6,4.1,9.4,2116,177.9,4.4,429,403),(66,'rOtK',11,5,6,0.455,15.7,2.6,4.5,8.7,1891,145.8,2.6,348,353),(67,'s4',11,7,4,0.636,20.8,5.7,4.6,12.5,3571,211.5,7.5,429,493),(68,'ShiKi',7,2,5,0.286,18.6,6.0,4.0,8.7,1988,217.0,16.1,450,475),(69,'Silent',9,3,6,0.333,19.4,6.0,4.0,7.1,1366,317.8,16.4,563,550),(70,'Simbaaa',12,7,5,0.583,14.8,3.2,4.6,7.3,2156,98.2,3.0,305,306),(71,'Sumail',16,11,5,0.688,17.6,6.3,3.4,10.6,1735,169.5,9.4,484,480),(72,'Super',6,1,5,0.167,16.7,2.8,3.8,6.8,1244,191.7,11.3,454,444),(73,'swindlemelonzz',12,5,7,0.417,17.1,2.8,4.7,8.1,1908,179.4,6.3,404,452),(74,'Sylar',11,5,6,0.455,18.9,4.6,3.9,8.4,2173,290.6,14.7,514,499),(75,'Universe',16,11,5,0.688,16.9,4.5,2.6,10.4,2066,186.9,2.4,467,449),(76,'w33',19,13,6,0.684,18.3,7.6,2.9,7.4,2666,210.8,11.9,534,521),(77,'whitebeard',5,0,5,0.000,12.2,1.8,6.2,8.2,238,58.8,1.4,235,232),(78,'xZ',7,2,5,0.286,17.0,1.9,5.4,7.6,1294,194.6,8.1,379,405),(79,'Zfreek',12,5,7,0.417,13.5,2.5,4.3,7.3,1546,89.4,4.0,300,285);
/*!40000 ALTER TABLE `Player_Stat` ENABLE KEYS */;
UNLOCK TABLES;

--
-- Table structure for table `Player_Team`
--

DROP TABLE IF EXISTS `Player_Team`;
/*!40101 SET @saved_cs_client     = @@character_set_client */;
/*!40101 SET character_set_client = utf8 */;
CREATE TABLE `Player_Team` (
  `PID` varchar(25) NOT NULL,
  `Player` varchar(25) NOT NULL,
  `Team` varchar(25) NOT NULL,
  PRIMARY KEY (`PID`),
  KEY `PID` (`PID`)
) ENGINE=InnoDB DEFAULT CHARSET=latin1;
/*!40101 SET character_set_client = @saved_cs_client */;

--
-- Dumping data for table `Player_Team`
--

LOCK TABLES `Player_Team` WRITE;
/*!40000 ALTER TABLE `Player_Team` DISABLE KEYS */;
INSERT INTO `Player_Team` VALUES ('admiralbulldog','AdmiralBulldog','Alliance'),('afterlife','AfterLife','TSpirit'),('agressif','Agressif','CDEC'),('akke','Akke','Alliance'),('alwayswannafly','ALWAYSWANNAFLY','TSpirit'),('arteezy','Arteezy','EG'),('bangfish','BangFish','Fnatic.MY'),('burning','BurNIng','VG'),('capxiao2lei','CapXiao2Lei','Nb'),('chessie 2','Chessie 2','coL 2'),('chrissy','Chrissy','Fnatic.MY'),('chuan','ChuaN','Nb'),('cr1t','Cr1t','OG'),('cty','Cty','EHOME'),('ddc','DDC','LGD.cn'),('dkphobos','dkphobos','VP 2'),('egm','EGM','Alliance'),('eleven','eLeVeN','EHOME'),('eternalenvy','Eternal Envy','Secret'),('fata','FATA','Liquid'),('fear','Fear','EG'),('febby','Febby','MVP Phoenix'),('fenrir','Fenrir','VG'),('fng','Fng','VP 2'),('forev','FoREv','MVP Phoenix'),('fy','fy','VG'),('g','G','VP 2'),('garder','Garder','CDEC'),('goblak','Goblak','TSpirit'),('handsken','Handsken','coL 2'),('hao','Hao','Nb'),('iceberg','Iceberg','TSpirit'),('iceiceice','iceiceice','VG'),('jerax','JerAx','Liquid'),('jeyo','Jeyo','Archon'),('kaka','kaka','EHOME'),('kuroky','KuroKy','Liquid'),('lanm','LaNm','EHOME'),('le','le','Nb'),('lil','Lil','VP 2'),('limmp','Limmp','coL 2'),('loda','Loda','Alliance'),('matumbaman','MATUMBAMAN','Liquid'),('maybe','Maybe','LGD.cn'),('miracle2','Miracle 2','OG'),('misery','MiSeRY','Secret'),('mmy','MMY','LGD.cn'),('monkeys','monkeys','Archon'),('moo','Moo','Archon'),('moonmeander','MoonMeander','OG'),('mp','MP','MVP Phoenix'),('mu','Mu','Nb'),('mushi','Mushi','Fnatic.MY'),('mvpdubu','MVP DuBu','MVP Phoenix'),('n0tail','N0tail','OG'),('net','Net','Fnatic.MY'),('ohaiyo','Ohaiyo','Fnatic.MY'),('old chicken','old chicken','EHOME'),('pieliedie','PieLieDie','Secret'),('ppd','ppd','EG'),('puppey','Puppey','Secret'),('q','Q','CDEC'),('qo','QO','MVP Phoenix'),('ramzes666','RAMZES666','TSpirit'),('riskmindcontrol','riskMinDContRoL','Liquid'),('rotk','rOtK','LGD.cn'),('s4','s4','Alliance'),('shiki','ShiKi','CDEC'),('silent','Silent','VP 2'),('simbaaa','Simbaaa','OG'),('sumail','Sumail','EG'),('super','Super','VG'),('swindlemelonzz','swindlemelonzz','coL 2'),('sylar','Sylar','LGD.cn'),('universe','Universe','EG'),('w33','w33','Secret'),('whitebeard','whitebeard','Archon'),('xz','xZ','CDEC'),('zfreek','Zfreek','coL 2');
/*!40000 ALTER TABLE `Player_Team` ENABLE KEYS */;
UNLOCK TABLES;

--
-- Table structure for table `Team`
--

DROP TABLE IF EXISTS `Team`;
/*!40101 SET @saved_cs_client     = @@character_set_client */;
/*!40101 SET character_set_client = utf8 */;
CREATE TABLE `Team` (
  `TID` int(3) NOT NULL DEFAULT '0',
  `Team` varchar(20) DEFAULT NULL,
  `Country` varchar(14) DEFAULT NULL,
  PRIMARY KEY (`TID`),
  KEY `TID` (`TID`)
) ENGINE=InnoDB DEFAULT CHARSET=utf8;
/*!40101 SET character_set_client = @saved_cs_client */;

--
-- Dumping data for table `Team`
--

LOCK TABLES `Team` WRITE;
/*!40000 ALTER TABLE `Team` DISABLE KEYS */;
INSERT INTO `Team` VALUES (1,'NaVi','Ukraine'),(2,'Empire','Russia'),(3,'EG','USA'),(4,'Alliance','Sweden'),(5,'LGD.cn','China'),(6,'iG','China'),(7,'VG','China'),(8,'Secret',''),(9,'Orange','Malaysia'),(10,'Liquid','USA'),(11,'Fnatic.EU','Europe'),(12,'Vega',''),(13,'Fnatic.MY','Malaysia'),(14,'mouz','Germany'),(15,'Titan','Malaysia'),(16,'Nb',''),(17,'VP 2',''),(18,'DK','China'),(19,'Mineski','Philippines'),(20,'C9',''),(21,'TongFu','China'),(22,'MVP Phoenix','Korea'),(23,'Kaipi',''),(24,'EHOME','China'),(25,'OG',''),(26,'Rave',''),(27,'First Departure',''),(28,'CDEC',''),(29,'VP','Russia'),(30,'NiP 2',''),(31,'mouz 2',''),(32,'HR',''),(33,'Power Rangers','Belarus'),(34,'RoX.KIS','Russia'),(35,'Zenith','Singapore'),(36,'NTH','Sweden'),(37,'mTw','France'),(38,'SNA',''),(39,'Speed.int',''),(40,'Dignitas','United Kingdom'),(41,'SiG.Tr','Thailand'),(42,'BU',''),(43,'MUFC','Malaysia'),(44,'Arrow',''),(45,'coL 2',''),(46,'Zephyr','USA'),(47,'MVP HOT6','South Korea'),(48,'CL',''),(49,'SIGMA.int','France'),(50,'Lv',''),(51,'coL','USA'),(52,'iCCup','Belarus'),(53,'SumsRift',''),(54,'Archon',''),(55,'4FC','Sweden'),(56,'mYi',''),(57,'SCYTHE 2',''),(58,'DC',''),(59,'5JuNGz',''),(60,'Fire',''),(61,'Artyk','Peru'),(62,'BG',''),(63,'Team HGT','China'),(64,'StarTale','South Korea'),(65,'Wings',''),(66,'Newbee.Y',''),(67,'4ASC',''),(68,'Cant Say','Australia'),(69,'LC',''),(70,'NoT',''),(71,'NVMI',''),(72,'paiN','Brazil'),(73,'fOu','South Korea'),(74,'G Guard',''),(75,'CLG','Sweden'),(76,'iM',''),(77,'TSpirit',''),(78,'Invasion 3','Malaysia'),(79,'LGD.int',''),(80,'NaVi.US',''),(81,'Basically',''),(82,'The Retry',''),(83,'PotM Bottom','USA'),(84,'MYM 2',''),(85,'M5.Int',''),(86,'IAP',''),(87,'Wild Honey Badgers',''),(88,'Wh',''),(89,'sad',''),(90,'ROOT 2',''),(91,'TTD','Ukraine'),(92,'ABC',''),(93,'G Guard  3',''),(94,'aAa','France'),(95,'WhA','Germany'),(96,'Super Strong','Europe'),(97,'Shazam',''),(98,'hehe united',''),(99,'dd.Dota',''),(100,'OslikG','Russia'),(101,'EHUG',''),(102,'Pretty Boy','USA'),(103,'Denial',''),(104,'CNB',''),(105,'Rattlesnake','China'),(106,'CST',''),(107,'bS',''),(108,'Team Imp','Singapore'),(109,'DTS','Ukraine'),(110,'Hans Reborn',''),(111,'aShock',''),(112,'aSpera 2',''),(113,'NAR',''),(114,'Insid Idol','Singapore'),(115,'Team Life',''),(116,'cant describe',''),(117,'Insidious Int',''),(118,'bvd emo',''),(119,'WG',''),(120,'Take Five','USA'),(121,'GO',''),(122,'Scythe',''),(123,'MYM','Germany'),(124,'EP',''),(125,'PKF',''),(126,'M5','Russia'),(127,'Team Unknown',''),(128,'CDEC.Y',''),(129,'TongFu.OB','China'),(130,'EoT Hammer','South Korea'),(131,'OK.Nirvana.int',''),(132,'MS 2',''),(133,'NLG',''),(134,'SPG.NT',''),(135,'Quantic','USA'),(136,'5inQ','Korea'),(137,'VG.P',''),(138,'TongFuCN','China'),(139,'TeamRO',''),(140,'Archon 2',''),(141,'iG.V',''),(142,'MFF',''),(143,'Fin',''),(144,'NEXT.kz','Kazakhstan'),(145,'Muhan 2',''),(146,'ATN',''),(147,'mmc',''),(148,'FanTuan',''),(149,'Arcanys','Philippines'),(150,'GB',''),(151,'aL','Denmark'),(152,'ISG',''),(153,'Birdgang','South Korea'),(154,'Redeem',''),(155,'Bears',''),(156,'Darer','Bulgaria'),(157,'BBC',''),(158,'PD 2',''),(159,'Bheart',''),(160,'LoTem',''),(161,'DT NGC','China'),(162,'Gamers League','Sweden'),(163,'Typical','USA'),(164,'Shiba',''),(165,'D5',''),(166,'G.O',''),(167,'Newbee.M',''),(168,'Aces',''),(169,'TB',''),(170,'POTA2',''),(171,'DG',''),(172,'infernity','Serbia'),(173,'KS2014',''),(174,'Devil Mice',''),(175,'rat itd',''),(176,'FW',''),(177,'N',''),(178,'10eYe',''),(179,'Boreal 2',''),(180,'Zero',''),(181,'Lajons',''),(182,'LD',''),(183,'LvT',''),(184,'Under Rateds','South Korea'),(185,'Bm',''),(186,'Revenge','Peru'),(187,'Relax','Russia'),(188,'Copenhagen Wolves','Denmark'),(189,'BB 2',''),(190,'SK','Germany'),(191,'kStars',''),(192,'Flip sid3',''),(193,'Pulse',''),(194,'Imaginary',''),(195,'ALMET',''),(196,'dargone','Sweden'),(197,'TeamONE',''),(198,'WP','Ukraine'),(199,'aSpera',''),(200,'Denial  3',''),(201,'MS',''),(202,'Rstars','China'),(203,'Tiger Power','South Korea'),(204,'LaiG',''),(205,'DOG',''),(206,'Cede Nullis','Romania'),(207,'Shakira',''),(208,'Season One','South Korea'),(209,'Virtual Throne','South Korea'),(210,'NJ and KIDS','South Korea'),(211,'Awake',''),(212,'0RESPECT','France'),(213,'VA',''),(214,'Turtle','Sweden'),(215,'uG',''),(216,'CIS',''),(217,'Dota',''),(218,'E.Wolves',''),(219,'AMPM WONOSOBO',''),(220,'MIN',''),(221,'Rex Regum','Indonesia'),(222,'VB',''),(223,'Flip Side3 Quantic',''),(224,'Reason','Great Britain'),(225,'Dreamz','Philippines'),(226,'iDeal.GIGABYTE',''),(227,'JG',''),(228,'DCruX','South Korea'),(229,'Best Magic','South Korea'),(230,'Desert Eagle','South Korea'),(231,'Symphony','South Korea'),(232,'HoG.',''),(233,'Kawaii','Denmark'),(234,'SPG.CN',''),(235,'Duskbin','Singapore'),(236,'iLuminate','Ukraine'),(237,'BBQ Chicken','Netherlands'),(238,'GNA.Ice',''),(239,'Caesar',''),(240,'BANearth',''),(241,'YeS',''),(242,'SFZ',''),(243,'ChW',''),(244,'XctN',''),(245,'FF',''),(246,'Cascade','Ukraine'),(247,'MSI EvoGT TNC','Philippines'),(248,'Infused','Sweden'),(249,'TNC',''),(250,'C Stack','Australia'),(251,'Its Gosu eSports','USA'),(252,'AEON','Singapore'),(253,'ROOT',''),(254,'Orenda',''),(255,'Talent',''),(256,'123',''),(257,'TongFu.WZ','China'),(258,'Alikuku',''),(259,'GO 2',''),(260,'Keita','Sweden'),(261,'LFS',''),(262,'Neo.Int','Singapore'),(263,'Karnage','Great Britain'),(264,'1st VN',''),(265,'Kingdom',''),(266,'uniq',''),(267,'TMY',''),(268,'Dust','USA'),(269,'el Pride',''),(270,'Ti9 Champ','China'),(271,'Gangster','Philippines'),(272,'TaD',''),(273,'JK 2',''),(274,'FTW 2',''),(275,'MAD',''),(276,'Kawanku','Malaysia'),(277,'NTL.SG','Singapore'),(278,'Cage',''),(279,'Experience',''),(280,'pikateam','Ukraine'),(281,'CISR',''),(282,'GOOMBA',''),(283,'aNarchist','Algeria'),(284,'Royal','China'),(285,'Stay Free',''),(286,'SF Eats Cake','USA'),(287,'DoubleTwo',''),(288,'XMA','China'),(289,'Team 90016','China'),(290,'Genysis',''),(291,'Prithvi',''),(292,'TyLoo',''),(293,'xantic',''),(294,'worldwargame',''),(295,'D9','China'),(296,'Scissors Paper Stone',''),(297,'BentBut',''),(298,'iPlay','New Zealand'),(299,'eSahara',''),(300,'ss.int',''),(301,'Shz',''),(302,'Ahead',''),(303,'Fnatic.NA','USA'),(304,'V TeronS',''),(305,'WDLu5',''),(306,'PISDOTA','Ukraine'),(307,'ABSD','China'),(308,'fofunfunfun',''),(309,'TMF Gaming',''),(310,'Joikernaught','USA'),(311,'iVaN',''),(312,'SKAR',''),(313,'Desire','Canada'),(314,'Spacemonkeys',''),(315,'DK.S',''),(316,'Sbwen','China'),(317,'3DMAX',''),(318,'AG  3',''),(319,'Flip Sid3 RU','Russia'),(320,'PMS.Asterisk',''),(321,'CnB.cn','China'),(322,'GizMo','Malaysia'),(323,'WinM','Europe'),(324,'Last Resort','Peru'),(325,'CAS',''),(326,'OguraYui','China'),(327,'TuN',''),(328,'GetFight',''),(329,'BOA',''),(330,'Elysium 2',''),(331,'Cop Top',''),(332,'Moonlight','South Korea'),(333,'Just 4',''),(334,'SKP','Sweden'),(335,'Lzuruha Gaming',''),(336,'CDEC.A',''),(337,'Stars','Czech Republic'),(338,'M Plus 4',''),(339,'SHR.zl',''),(340,'Baguette',''),(341,'winRAR','Lithuania'),(342,'Pacific 2',''),(343,'Awt Happen','USA'),(344,'Gerg',''),(345,'Insidious vdC',''),(346,'AR',''),(347,'Junquera',''),(348,'BK',''),(349,'ND9 1',''),(350,'Sector V',''),(351,'HOI',''),(352,'FDL',''),(353,'Way',''),(354,'z4',''),(355,'R4',''),(356,'Cr1t','Denmark'),(357,'TT',''),(358,'Imperium',''),(359,'eN.eVo',''),(360,'Team ARMA','Canada'),(361,'zNation','Russia'),(362,'Nyx',''),(363,'WeMakeThat','Ukraine'),(364,'Hao',''),(365,'PO5EiDON',''),(366,'monkeybusiness',''),(367,'Skill',''),(368,'Momentum',''),(369,'Armageddon',''),(370,'XpliCit',''),(371,'Courage',''),(372,'Revival','Brunei'),(373,'Mongolz',''),(374,'Kade','Sri Lanka'),(375,'AbcbA',''),(376,'Hakugyo',''),(377,'zRage','Russia'),(378,'Scenario',''),(379,'TR','China'),(380,'QueenNet','Indonesia'),(381,'TPSIAPA',''),(382,'Crucial',''),(383,'Team Risk','Bulgaria'),(384,'PANZER',''),(385,'Minion',''),(386,'DSport P5',''),(387,'ScT',''),(388,'Dai Le',''),(389,'Team India',''),(390,'Hfz',''),(391,'New Recruits',''),(392,'Burster',''),(393,'aL.academy','Belgium'),(394,'prm','Russia'),(395,'lmyc',''),(396,'Gam Dota','Sweden'),(397,'CCKD','China'),(398,'.Russia.',''),(399,'DTS2010','Ukraine'),(400,'Deneme','Turkey'),(401,'TACO',''),(402,'Purple','USA'),(403,'PHG',''),(404,'wayto',''),(405,'50 Percent','USA'),(406,'Ritter ART',''),(407,'PRIES',''),(408,'World Peace','China'),(409,'EHP',''),(410,'TeamYP',''),(411,'Russian Rolette','USA'),(412,'Dsport Reality',''),(413,'Patenca',''),(414,'QPAD',''),(415,'Assail.',''),(416,'sbirds',''),(417,'paiN.int','Argentina'),(418,'IMG',''),(419,'GOS','China'),(420,'inphin4',''),(421,'ex pride',''),(422,'Throw Doto',''),(423,'Gx Brutal','Thailand'),(424,'LOF',''),(425,'ICE 2',''),(426,'Perilous',''),(427,'SIB',''),(428,'Problem',''),(429,'ESD',''),(430,'Gilette',''),(431,'HD',''),(432,'XTRMST',''),(433,'EoT Drill','Korea'),(434,'One Above All',''),(435,'HWA','Turkey'),(436,'2wG',''),(437,'Execration',''),(438,'WFB',''),(439,'We Lost','Hungary'),(440,'Team 1758629',''),(441,'Chibiusas','Canada'),(442,'OK.Nirvana.cn',''),(443,'TWDi',''),(444,'SY',''),(445,'Q4Eyes',''),(446,'Ape',''),(447,'Maggies Farm',''),(448,'OBS',''),(449,'Syf Gaming','Australia'),(450,'5Stars',''),(451,'BRO',''),(452,'Goatishsoul','China'),(453,'PsTa.TuAi',''),(454,'Rocket',''),(455,'ViSp',''),(456,'Vhoul',''),(457,'Eyeless','Ukraine'),(458,'Osiris',''),(459,'Infinity','USA'),(460,'igF',''),(461,'VG2','China'),(462,'F3.NA',''),(463,'WAND','Canada'),(464,'iS Gaming','Singapore'),(465,'NE.T',''),(466,'Dabe',''),(467,'Wired Gaming',''),(468,'Invasion ReD',''),(469,'Scuta',''),(470,'FBB',''),(471,'AF  3',''),(472,'MI6','Australia'),(473,'Virtuosity',''),(474,'QInsane',''),(475,'DGC',''),(476,'GoGeeks','Burma'),(477,'The Net','Philippines'),(478,'H boys.',''),(479,'Molotov','Brazil'),(480,'LFZS','China'),(481,'2 Saate',''),(482,'CCK',''),(483,'Team KEGS',''),(484,'Monkey',''),(485,'EED',''),(486,'GZ',''),(487,'PHX',''),(488,'Saltminers','USA'),(489,'JET','Indonesia'),(490,'JUST NVE U',''),(491,'Rigg3d',''),(492,'Schnitze',''),(493,'ORGE',''),(494,'RitterM','Indonesia'),(495,'VC',''),(496,'HTID',''),(497,'wHop',''),(498,'Try Hard','USA'),(499,'Db','China'),(500,'SGC','Slovakia'),(501,'clockursik',''),(502,'NiP',''),(503,'Neo.es',''),(504,'Chappa',''),(505,'The GD Team',''),(506,'STR',''),(507,'FastGG','South Korea'),(508,'GDT',''),(509,'Osel','Russia'),(510,'Mischief',''),(511,'Just Kings','Kyrgyzstan'),(512,'Imbalance WildCats',''),(513,'iDeal 2',''),(514,'TIAB',''),(515,'NTL.sa','Peru'),(516,'nsTacks',''),(517,'Fantastic 5','Uruguay'),(518,'5 Kings','Canada'),(519,'C',''),(520,'uebelst',''),(521,'tCoW',''),(522,'Lick the Click',''),(523,'OREALY',''),(524,'VIE Geniuses','Vietnam'),(525,'RedSpade',''),(526,'S2WIN',''),(527,'Bomji',''),(528,'BX3',''),(529,'FineArt',''),(530,'DTF',''),(531,'Speratus','Philippines'),(532,'ECAL',''),(533,'CDEC.Y 2',''),(534,'DD ReM1kZ','Korea'),(535,'Newbie',''),(536,'TCM',''),(537,'Outplay',''),(538,'ULTIMATE',''),(539,'LL',''),(540,'ItsProTime','Philippines'),(541,'Smeagol',''),(542,'MuXi','China'),(543,'CLC',''),(544,'Team 2016','Denmark'),(545,'TC   4',''),(546,'New Elements','China'),(547,'EYES ON U',''),(548,'GOONS',''),(549,'Linkens','USA'),(550,'FTD.A',''),(551,'Tempo',''),(552,'WongWaiKit',''),(553,'WWEGAD',''),(554,'Slitherine','India'),(555,'We Love Cherry',''),(556,'Cleave',''),(557,'Surge','Ukraine'),(558,'BLHH',''),(559,'CyberPink',''),(560,'Alien Invasion','Europe'),(561,'Baifox','China'),(562,'Druidz','Sweden'),(563,'Lowyat','Malaysia'),(564,'UDMN.R',''),(565,'Duck on the Tag',''),(566,'exe',''),(567,'AGArv',''),(568,'Muhan','South Korea'),(569,'N9','Australia'),(570,'SGR',''),(571,'Absolute','China'),(572,'Eternal Souls',''),(573,'Elements',''),(574,'Full Tilt kr','Korea'),(575,'Team France',''),(576,'MSI','Philippines'),(577,'Nex Impetus','Brazil'),(578,'SP',''),(579,'KoP',''),(580,'ZGTK','China'),(581,'Against AA',''),(582,'GoG',''),(583,'BK 2',''),(584,'No Love','USA'),(585,'PD',''),(586,'wiN',''),(587,'RAT LIFE',''),(588,'GB 2',''),(589,'Team HT','China'),(590,'Mineski.Kor',''),(591,'IB',''),(592,'Bubble Blowers','Sweden'),(593,'DPU',''),(594,'Team 1374814',''),(595,'RDM',''),(596,'DbSS',''),(597,'Meenix','Brazil'),(598,'good team',''),(599,'Spg',''),(600,'The One','China'),(601,'Big Plays',''),(602,'Unnerve',''),(603,'WE','China'),(604,'Old boys',''),(605,'Leaguekz',''),(606,'Main Alpha Dmitri',''),(607,'nt123',''),(608,'Praeter Cunctas',''),(609,'TRG',''),(610,'UrsaStroit','Russia'),(611,'Eclypsia',''),(612,'MskiX',''),(613,'MiTH.TRY',''),(614,'No Fat Chicks',''),(615,'VoiD','Brazil'),(616,'TDS',''),(617,'TongSing',''),(618,'Team 1380025',''),(619,'Carry TP','Canada'),(620,'TC',''),(621,'Nevo ESC',''),(622,'FALLEN','Singapore'),(623,'Yard',''),(624,'Clan Ob','Thailand'),(625,'4 Plus Plus','USA'),(626,'Team eEriness',''),(627,'RIZE',''),(628,'Ini Budi','Indonesia'),(629,'Zebra',''),(630,'Tiken4',''),(631,'PlaceBum','South Korea'),(632,'Jaguh Keramat',''),(633,'NME',''),(634,'Back to o',''),(635,'Parrot',''),(636,'Unknown',''),(637,'Slark SD','Ukraine'),(638,'Lyskans','Sweden'),(639,'Ebomb',''),(640,'JET.PNM',''),(641,'DD',''),(642,'VexX','USA'),(643,'AS',''),(644,'iPod2','Singapore'),(645,'RAZE',''),(646,'INfernity.cz','Czech Republic'),(647,'Bros4lyfe','Germany'),(648,'Ice',''),(649,'PUB',''),(650,'Myrstack','Sweden'),(651,'Casual',''),(652,'FTD.B',''),(653,'Euphoria',''),(654,'Dont Know',''),(655,'ABX',''),(656,'Noxious','Australia'),(657,'VelocyHyper',''),(658,'neXt',''),(659,'XX5',''),(660,'TEAM DW',''),(661,'GameWare','Vietnam'),(662,'FiFty9',''),(663,'netolic.ru','Russia'),(664,'Scourge',''),(665,'T.T',''),(666,'sowc3','Great Britain'),(667,'fS',''),(668,'Epic Bulls','Canada'),(669,'iZone125',''),(670,'Grace','China'),(671,'SNC',''),(672,'RP 2',''),(673,'Spirit',''),(674,'NeXuS LuCidA',''),(675,'BHA','Vietnam'),(676,'tRICKED',''),(677,'QWERT','Poland'),(678,'To 2',''),(679,'TOP5',''),(680,'Never Alone','China'),(681,'NORWAY',''),(682,'Think Smart','Jordan'),(683,'Cant Think',''),(684,'TB 2',''),(685,'Inferno',''),(686,'Ave','South Korea'),(687,'StarsBoba',''),(688,'YeS 2',''),(689,'Ftga','Norway'),(690,'Gam.DotA',''),(691,'PoF 2',''),(692,'Play5','France'),(693,'GX.BrutaL',''),(694,'GTV',''),(695,'Duza','Russia'),(696,'ImpreZa',''),(697,'SplasH','Peru'),(698,'JR',''),(699,'NBCD',''),(700,'sF',''),(701,'JETISGOD','Singapore'),(702,'See You on Lan',''),(703,'FL.int',''),(704,'what up dude','Thailand'),(705,'BFB',''),(706,'the se7en',''),(707,'BlitZ',''),(708,'bT',''),(709,'SushiandY','South Korea'),(710,'youBoat','Sweden'),(711,'Artyk 2',''),(712,'Pagibig','Philippines'),(713,'Dusa',''),(714,'TBE 2',''),(715,'Angry Bird','Korea'),(716,'NP',''),(717,'Kozichka',''),(718,'The House','Brazil'),(719,'Sunny','Singapore'),(720,'BORN',''),(721,'RGESC','Turkey'),(722,'Erase',''),(723,'GOTM','Canada'),(724,'rbd',''),(725,'Lacresha',''),(726,'AceZone',''),(727,'Breads','Canada'),(728,'Midas',''),(729,'DB 2',''),(730,'St Magic',''),(731,'SyneX',''),(732,'WE  3',''),(733,'VIDYA',''),(734,'ASC',''),(735,'Huskar Masters','Moldova'),(736,'SwG',''),(737,'TLeR','Indonesia'),(738,'MX',''),(739,'XctN2',''),(740,'Komanda 5','Europe'),(741,'RTK',''),(742,'Triumphant','China'),(743,'CF',''),(744,'prOp','Sweden'),(745,'Virus',''),(746,'BB    5',''),(747,'Energy','South Africa'),(748,'FTFC','Australia'),(749,'BBJ',''),(750,'DB  3',''),(751,'Harrosh',''),(752,'ADN',''),(753,'Aware 2',''),(754,'Pubstack',''),(755,'SNA alt',''),(756,'palma 4','Russia'),(757,'TEAMnxl',''),(758,'Full Rut',''),(759,'Avantis Angels','USA'),(760,'JV',''),(761,'Wv',''),(762,'Ten Minute','USA'),(763,'Tnc.Paglbig','Philippines'),(764,'OoT',''),(765,'EHOME.K 2',''),(766,'Sqreens Squad','Europe'),(767,'Rush Gaming',''),(768,'fota',''),(769,'madjicK','Portugal'),(770,'wHut','China'),(771,'WP.Geo',''),(772,'Sanctuary',''),(773,'Ases',''),(774,'Bambang',''),(775,'ICH',''),(776,'Gabe Pls','Denmark'),(777,'DN Gaming',''),(778,'LowLandLions',''),(779,'FTD.C',''),(780,'TTD 2','Belarus'),(781,'Hallyu',''),(782,'Taring',''),(783,'Traitor',''),(784,'Minnesota',''),(785,'Vie.G',''),(786,'3DClan',''),(787,'7w',''),(788,'SB',''),(789,'Avant',''),(790,'CADO','Canada'),(791,'GGnet',''),(792,'MAS',''),(793,'ANT',''),(794,'Oblique',''),(795,'Meep',''),(796,'Deadlock',''),(797,'Flash',''),(798,'dSc',''),(799,'Nook1e',''),(800,'HCWP',''),(801,'Victory Light','South Korea'),(802,'HyperX',''),(803,'NBCK',''),(804,'ALLSTAR INA',''),(805,'Nazgul',''),(806,'DW',''),(807,'Netolic','Russia'),(808,'DNT',''),(809,'For.Love','China'),(810,'is Hard.',''),(811,'Hamburger',''),(812,'S5',''),(813,'MAG',''),(814,'wMelon','Canada'),(815,'KPG',''),(816,'n Stack','Malaysia'),(817,'Looking For Sponsor',''),(818,'NNK',''),(819,'Team Menace','Finland'),(820,'5eva',''),(821,'Fureur','France'),(822,'GIGGLES',''),(823,'eGX',''),(824,'BaraNet',''),(825,'EHOME.K',''),(826,'weeaboo19',''),(827,'Crew',''),(828,'PRIES 2',''),(829,'STORM','Australia'),(830,'SkyNet',''),(831,'Elunes','India'),(832,'BiP',''),(833,'NeoES.INA','Indonesia'),(834,'Paa',''),(835,'Team G7',''),(836,'ATRIC',''),(837,'Knights','Ukraine'),(838,'4BT',''),(839,'Red S','China'),(840,'RB',''),(841,'Smackdown',''),(842,'Vince Te Ipsum',''),(843,'TongFu 2',''),(844,'3D',''),(845,'Victory',''),(846,'Psst','USA'),(847,'iDeal','Thailand'),(848,'4H',''),(849,'SkyHigh',''),(850,'KungFu',''),(851,'Nonstop','Korea'),(852,'New World Elite',''),(853,'G8',''),(854,'Pacific','Philippines'),(855,'GU','Peru'),(856,'telepathy','Russia'),(857,'Sbwen 2',''),(858,'Hope',''),(859,'ErH','China'),(860,'Western Wolves','Belgium'),(861,'bizoni',''),(862,'CM',''),(863,'3DMAX.fr','France'),(864,'Invasion.MY',''),(865,'STF',''),(866,'snakes',''),(867,'Ace Online','South Korea'),(868,'Space Monkeys',''),(869,'UA.Shechki',''),(870,'XctN 2',''),(871,'House of Gamers','Sweden'),(872,'ECS.Fight',''),(873,'team wwd',''),(874,'FIFA',''),(875,'Slayer',''),(876,'NoA',''),(877,'Capable Standins',''),(878,'Insight',''),(879,'Sequential Gaming',''),(880,'XSWAG',''),(881,'Team Property',''),(882,'Dota Beyond',''),(883,'Babyswag',''),(884,'Veil',''),(885,'uWs',''),(886,'TTB',''),(887,'B',''),(888,'roots',''),(889,'No Big Deal','USA'),(890,'Kharkiv',''),(891,'EHOME.L',''),(892,'All in Uz','Korea'),(893,'The Bestz',''),(894,'Aurochs',''),(895,'AG',''),(896,'NeoES.TH','Thailand'),(897,'prokastslarka','Russia'),(898,'x5',''),(899,'HOTHANDS',''),(900,'MoP',''),(901,'MSI.PP',''),(902,'4BZ','Vietnam'),(903,'They Hate Us','USA'),(904,'ARIANA Gaming',''),(905,'BD  3',''),(906,'Isurus',''),(907,'NBM',''),(908,'ScaryFace','Ukraine'),(909,'siC',''),(910,'TShow',''),(911,'Neon.int',''),(912,'KCR',''),(913,'DPWZ',''),(914,'DWT','Ukraine'),(915,'Denial 2',''),(916,'Eosin','USA'),(917,'MEKA.Tt',''),(918,'AKMA',''),(919,'Lowyat 2','Malaysia');
/*!40000 ALTER TABLE `Team` ENABLE KEYS */;
UNLOCK TABLES;

--
-- Table structure for table `Team_Roster`
--

DROP TABLE IF EXISTS `Team_Roster`;
/*!40101 SET @saved_cs_client     = @@character_set_client */;
/*!40101 SET character_set_client = utf8 */;
CREATE TABLE `Team_Roster` (
  `Player` varchar(15) NOT NULL DEFAULT '',
  `Team*` varchar(11) DEFAULT NULL,
  `Games` int(2) DEFAULT NULL,
  `W` int(2) DEFAULT NULL,
  `L` int(1) DEFAULT NULL,
  `Win %` decimal(4,3) DEFAULT NULL,
  `Lvl` decimal(3,1) DEFAULT NULL,
  `K` decimal(2,1) DEFAULT NULL,
  `D` decimal(2,1) DEFAULT NULL,
  `A` decimal(3,1) DEFAULT NULL,
  `Gold` int(4) DEFAULT NULL,
  `LH` decimal(4,1) DEFAULT NULL,
  `Denies` decimal(3,1) DEFAULT NULL,
  `GPM` int(3) DEFAULT NULL,
  `XPM` int(3) DEFAULT NULL,
  PRIMARY KEY (`Player`),
  UNIQUE KEY `Player` (`Player`)
) ENGINE=InnoDB DEFAULT CHARSET=utf8;
/*!40101 SET character_set_client = @saved_cs_client */;

--
-- Dumping data for table `Team_Roster`
--

LOCK TABLES `Team_Roster` WRITE;
/*!40000 ALTER TABLE `Team_Roster` DISABLE KEYS */;
INSERT INTO `Team_Roster` VALUES ('AdmiralBulldog','Alliance',11,7,4,0.636,19.9,5.4,4.5,11.9,2673,282.5,9.9,485,451),('AfterLife','TSpirit',8,3,5,0.375,16.9,3.6,4.0,8.6,1784,157.3,2.5,396,417),('Agressif','CDEC',7,2,5,0.286,19.6,5.7,5.4,8.9,2187,302.3,11.9,521,522),('Akke','Alliance',11,7,4,0.636,15.5,4.6,4.8,8.4,2384,101.2,2.9,296,290),('ALWAYSWANNAFLY','TSpirit',8,3,5,0.375,13.9,2.6,7.5,9.4,790,36.4,1.9,258,283),('Arteezy','EG',16,11,5,0.688,19.5,7.1,2.9,7.0,1840,281.6,7.8,607,582),('BangFish','Fnatic.MY',16,7,9,0.438,18.4,6.6,4.5,8.0,2715,228.8,19.2,501,477),('BurNIng','VG',6,1,5,0.167,18.5,3.8,3.8,3.7,2733,286.0,10.0,538,531),('CapXiao2Lei','Nb',9,4,5,0.444,16.2,3.6,3.0,10.0,2264,129.2,2.0,346,353),('Chessie 2','coL 2',12,5,7,0.417,18.5,5.0,3.6,7.8,2466,237.8,10.5,522,522),('Chrissy','Fnatic.MY',16,7,9,0.438,13.8,2.9,5.3,7.6,1351,96.1,1.8,306,276),('ChuaN','Nb',9,4,5,0.444,13.8,2.9,5.1,7.6,1402,79.0,1.8,282,269),('Cr1t','OG',12,7,5,0.583,14.8,2.4,5.0,10.1,2287,58.8,0.8,287,319),('Cty','EHOME',9,3,6,0.333,19.4,5.1,3.6,7.7,1810,284.1,15.4,533,536),('DDC','LGD.cn',11,5,6,0.455,13.2,3.3,4.3,8.1,1819,64.2,2.3,267,246),('dkphobos','VP 2',9,3,6,0.333,16.2,3.0,4.8,8.4,1145,121.7,2.9,343,383),('EGM','Alliance',11,7,4,0.636,16.3,2.6,5.2,11.4,1993,75.4,1.7,277,312),('eLeVeN','EHOME',9,3,6,0.333,17.4,3.7,5.9,6.9,2253,186.2,6.4,417,441),('Eternal Envy','Secret',19,13,6,0.684,19.4,6.7,2.7,7.0,3291,249.9,9.8,571,583),('FATA','Liquid',20,12,8,0.600,18.6,6.0,3.4,8.3,2802,236.1,13.3,536,514),('Fear','EG',16,11,5,0.688,15.4,3.6,2.8,10.9,2245,111.6,1.8,399,379),('Febby','MVP Phoenix',12,8,4,0.667,11.7,2.3,3.3,9.0,1415,35.9,0.3,294,280),('Fenrir','VG',6,1,5,0.167,11.3,1.3,5.7,4.7,719,40.5,1.0,215,212),('Fng','VP 2',9,3,6,0.333,13.8,1.9,5.6,9.8,633,71.6,2.2,274,287),('FoREv','MVP Phoenix',12,8,4,0.667,14.0,4.0,2.8,8.5,1950,122.4,4.3,450,397),('fy','VG',6,1,5,0.167,13.5,1.5,5.3,6.5,670,68.7,2.5,274,293),('G','VP 2',9,3,6,0.333,19.7,6.4,4.6,8.6,2086,263.6,10.9,530,557),('Garder','CDEC',7,2,5,0.286,14.1,2.9,5.6,8.9,1560,62.6,1.7,271,278),('Goblak','TSpirit',8,3,5,0.375,13.5,2.1,5.6,6.1,910,69.1,3.9,273,278),('Handsken','coL 2',12,5,7,0.417,12.8,1.4,5.9,7.8,1486,31.9,2.3,235,262),('Hao','Nb',9,4,5,0.444,20.4,6.7,3.9,7.0,3603,381.8,13.4,612,555),('Iceberg','TSpirit',8,3,5,0.375,18.6,8.3,5.0,8.6,2201,238.1,16.9,530,523),('iceiceice','VG',6,1,5,0.167,15.8,3.0,4.8,6.3,1858,131.8,4.8,376,399),('JerAx','Liquid',20,12,8,0.600,13.9,2.5,4.9,11.4,1953,51.1,3.0,289,296),('Jeyo','Archon',5,0,5,0.000,16.2,5.0,4.6,6.0,455,203.6,9.6,412,416),('kaka','EHOME',9,3,6,0.333,14.1,2.9,5.0,10.3,1394,56.2,1.3,267,294),('KuroKy','Liquid',20,12,8,0.600,13.6,2.6,5.2,8.7,1733,49.8,0.7,281,289),('LaNm','EHOME',9,3,6,0.333,14.0,2.9,3.8,9.6,1168,79.0,1.9,278,293),('le','Nb',9,4,5,0.444,14.2,2.3,5.7,8.0,1389,55.6,1.7,258,278),('Lil','VP 2',9,3,6,0.333,14.3,2.8,5.6,9.0,1382,55.4,1.2,266,310),('Limmp','coL 2',12,5,7,0.417,17.3,6.2,4.1,7.2,2236,226.9,10.3,481,463),('Loda','Alliance',11,7,4,0.636,21.5,7.5,3.6,11.5,4699,412.5,11.6,591,538),('MATUMBAMAN','Liquid',20,12,8,0.600,19.3,7.3,3.6,7.3,3012,280.6,11.4,582,558),('Maybe','LGD.cn',11,5,6,0.455,18.5,6.1,3.9,7.5,2525,297.8,13.2,509,479),('Miracle 2','OG',12,7,5,0.583,20.8,7.7,2.9,4.8,2756,354.3,25.0,648,599),('MiSeRY','Secret',19,13,6,0.684,16.6,3.0,3.9,10.9,2555,195.3,3.5,451,432),('MMY','LGD.cn',11,5,6,0.455,12.4,2.4,4.4,8.7,1714,37.3,0.9,240,224),('monkeys','Archon',5,0,5,0.000,14.4,2.8,6.6,5.2,410,120.6,5.8,319,338),('Moo','Archon',5,0,5,0.000,14.0,3.6,5.4,6.8,454,144.0,1.6,328,313),('MoonMeander','OG',12,7,5,0.583,17.8,2.6,5.0,9.0,2114,184.7,2.8,411,429),('MP','MVP Phoenix',12,8,4,0.667,15.2,5.0,2.9,8.0,1978,147.9,10.7,503,457),('Mu','Nb',9,4,5,0.444,19.0,5.1,4.1,7.6,2960,242.8,8.8,483,486),('Mushi','Fnatic.MY',16,7,9,0.438,19.9,5.5,4.1,6.8,1944,327.0,16.0,559,539),('MVP DuBu','MVP Phoenix',12,8,4,0.667,10.4,1.8,4.5,10.4,1402,13.8,1.3,256,226),('N0tail','OG',12,7,5,0.583,17.3,4.0,5.1,8.6,2239,188.2,8.1,410,413),('Net','Fnatic.MY',16,7,9,0.438,13.4,2.3,5.2,9.0,1232,34.9,1.7,248,253),('Ohaiyo','Fnatic.MY',16,7,9,0.438,17.4,3.4,4.5,9.2,2036,183.3,2.4,418,422),('old chicken','EHOME',9,3,6,0.333,17.1,5.4,4.4,6.6,1838,181.3,9.6,420,424),('PieLieDie','Secret',19,13,6,0.684,13.3,2.3,3.4,8.2,1554,47.8,2.1,275,287),('ppd','EG',16,11,5,0.688,14.1,2.8,3.8,10.5,1890,45.9,1.4,308,318),('Puppey','Secret',19,13,6,0.684,14.9,2.3,3.7,10.0,2852,115.1,4.1,357,352),('Q','CDEC',7,2,5,0.286,14.6,3.9,4.9,8.7,1229,98.4,1.3,296,300),('QO','MVP Phoenix',12,8,4,0.667,16.8,7.1,2.7,8.0,2896,195.3,10.1,560,554),('RAMZES666','TSpirit',8,3,5,0.375,19.1,6.0,4.0,7.8,2613,308.3,13.1,555,525),('riskMinDContRoL','Liquid',20,12,8,0.600,16.3,3.6,4.1,9.4,2116,177.9,4.4,429,403),('rOtK','LGD.cn',11,5,6,0.455,15.7,2.6,4.5,8.7,1891,145.8,2.6,348,353),('s4','Alliance',11,7,4,0.636,20.8,5.7,4.6,12.5,3571,211.5,7.5,429,493),('ShiKi','CDEC',7,2,5,0.286,18.6,6.0,4.0,8.7,1988,217.0,16.1,450,475),('Silent','VP 2',9,3,6,0.333,19.4,6.0,4.0,7.1,1366,317.8,16.4,563,550),('Simbaaa','OG',12,7,5,0.583,14.8,3.2,4.6,7.3,2156,98.2,3.0,305,306),('Sumail','EG',16,11,5,0.688,17.6,6.3,3.4,10.6,1735,169.5,9.4,484,480),('Super','VG',6,1,5,0.167,16.7,2.8,3.8,6.8,1244,191.7,11.3,454,444),('swindlemelonzz','coL 2',12,5,7,0.417,17.1,2.8,4.7,8.1,1908,179.4,6.3,404,452),('Sylar','LGD.cn',11,5,6,0.455,18.9,4.6,3.9,8.4,2173,290.6,14.7,514,499),('Universe','EG',16,11,5,0.688,16.9,4.5,2.6,10.4,2066,186.9,2.4,467,449),('w33','Secret',19,13,6,0.684,18.3,7.6,2.9,7.4,2666,210.8,11.9,534,521),('whitebeard','Archon',5,0,5,0.000,12.2,1.8,6.2,8.2,238,58.8,1.4,235,232),('xZ','CDEC',7,2,5,0.286,17.0,1.9,5.4,7.6,1294,194.6,8.1,379,405),('Zfreek','coL 2',12,5,7,0.417,13.5,2.5,4.3,7.3,1546,89.4,4.0,300,285);
/*!40000 ALTER TABLE `Team_Roster` ENABLE KEYS */;
UNLOCK TABLES;

--
-- Table structure for table `login`
--

DROP TABLE IF EXISTS `login`;
/*!40101 SET @saved_cs_client     = @@character_set_client */;
/*!40101 SET character_set_client = utf8 */;
CREATE TABLE `login` (
  `loginId` int(11) NOT NULL AUTO_INCREMENT,
  `username` varchar(32) NOT NULL,
  `password` varchar(255) NOT NULL,
  `privilegeLevel` int(11) NOT NULL,
  `displayName` varchar(128) NOT NULL,
  PRIMARY KEY (`loginId`)
) ENGINE=InnoDB AUTO_INCREMENT=9 DEFAULT CHARSET=latin1;
/*!40101 SET character_set_client = @saved_cs_client */;

--
-- Dumping data for table `login`
--

LOCK TABLES `login` WRITE;
/*!40000 ALTER TABLE `login` DISABLE KEYS */;
INSERT INTO `login` VALUES (1,'KillMePlz','5f4dcc3b5aa765d61d8327deb882cf99',0,''),(6,'McLovin','*A33597A5B35CD09CE61B9AC9AF97837C30A3D262',1,'McLovin'),(7,'DickButt','*2470C0C06DEE42FD1618BB99005ADCA2EC9D1E19',11111,'Sir_Dickbutt'),(8,'','',0,'');
/*!40000 ALTER TABLE `login` ENABLE KEYS */;
UNLOCK TABLES;
/*!40103 SET TIME_ZONE=@OLD_TIME_ZONE */;

/*!40101 SET SQL_MODE=@OLD_SQL_MODE */;
/*!40014 SET FOREIGN_KEY_CHECKS=@OLD_FOREIGN_KEY_CHECKS */;
/*!40014 SET UNIQUE_CHECKS=@OLD_UNIQUE_CHECKS */;
/*!40101 SET CHARACTER_SET_CLIENT=@OLD_CHARACTER_SET_CLIENT */;
/*!40101 SET CHARACTER_SET_RESULTS=@OLD_CHARACTER_SET_RESULTS */;
/*!40101 SET COLLATION_CONNECTION=@OLD_COLLATION_CONNECTION */;
/*!40111 SET SQL_NOTES=@OLD_SQL_NOTES */;

-- Dump completed on 2016-05-10 10:14:12
